frame,timestamp_us,lat,lon
1,1629208419799620,40.41337517788894,-79.94843751216844
3,1629208419999797,40.41337785096988,-79.9484237494875
5,1629208420199972,40.413380453156726,-79.94841006725949
7,1629208420400150,40.4133830514451,-79.94839642081381
9,1629208420600330,40.413385600617296,-79.94838290890996
11,1629208420800507,40.41338813932573,-79.94836968010303
13,1629208421000686,40.413390674287676,-79.94835668404016
15,1629208421200816,40.413393171230936,-79.94834399348896
17,1629208421400810,40.41339559498752,-79.94833178599286
19,1629208421600708,40.41339794828904,-79.94832008374199
21,1629208421800576,40.41340022423169,-79.94830901288098
23,1629208422000425,40.41340243220512,-79.94829856461789
25,1629208422200280,40.41340454290867,-79.9482887273198
27,1629208422400134,40.41340660204473,-79.94827948658964
29,1629208422599994,40.41340856924767,-79.94827079747813
31,1629208422799843,40.41341043711562,-79.94826258078162
33,1629208422999694,40.41341218481137,-79.94825479600298
35,1629208423199582,40.413413811601494,-79.94824745704763
37,1629208423399568,40.41341531134533,-79.94824058153819
39,1629208423599665,40.413416651788616,-79.94823416703709
41,1629208423799796,40.41341786727503,-79.94822826180553
43,1629208423999910,40.4134189197839,-79.94822286326588
45,1629208424200008,40.41341987290057,-79.94821802989289
47,1629208424400107,40.4134206941089,-79.9482138520435
49,1629208424600204,40.413421421101226,-79.9482102760263
51,1629208424800288,40.41342203765904,-79.94820727024144
53,1629208425000355,40.41342256265931,-79.94820484670126
55,1629208425200397,40.41342298396002,-79.94820290075971
57,1629208425400376,40.41342333000439,-79.9482014341845
59,1629208425600273,40.413423585512845,-79.9482004130006
61,1629208425800162,40.4134237653751,-79.9481997797018
63,1629208426000055,40.41342389609401,-79.94819940771357
65,1629208426199982,40.41342397845363,-79.94819928613646
67,1629208426399893,40.41342400541438,-79.94819938624623
69,1629208426599792,40.413423980558505,-79.94819957629274
71,1629208426799706,40.41342395514536,-79.94819973882498
73,1629208426999625,40.41342396927949,-79.9481997851779
75,1629208427199562,40.413423953945774,-79.9481998138061
77,1629208427399550,40.413423945713326,-79.94819980288717
79,1629208427599646,40.41342395289303,-79.94819973732491
81,1629208427799809,40.41342398896037,-79.94819942332086
83,1629208427999975,40.4134241188678,-79.94819860536583
85,1629208428200098,40.41342439292154,-79.9481970869798
87,1629208428400201,40.41342483847775,-79.94819478673148
89,1629208428600276,40.413425430611305,-79.94819171790978
91,1629208428800347,40.41342615016759,-79.94818791659897
93,1629208429000393,40.41342699489585,-79.94818335716931
95,1629208429200405,40.4134279655014,-79.94817819242854
97,1629208429400328,40.41342910039885,-79.94817240066801
99,1629208429600198,40.41343040805439,-79.94816605869673
101,1629208429800064,40.41343196767374,-79.94815929129867
103,1629208429999973,40.413433854689785,-79.94815213077747
105,1629208430199900,40.41343610225039,-79.948144674009
107,1629208430399831,40.413438789037144,-79.9481370099669
109,1629208430599789,40.41344193014762,-79.94812928851793
111,1629208430799757,40.41344561327214,-79.94812137264722
113,1629208430999720,40.413449819429985,-79.94811349160688
115,1629208431199686,40.41345469533792,-79.94810558940803
117,1629208431399653,40.41346020361585,-79.94809789830134
119,1629208431599671,40.41346646052461,-79.94809046165524
121,1629208431799735,40.41347343132415,-79.94808339951709
123,1629208431999808,40.413481078098016,-79.94807680536776
125,1629208432199894,40.413489506126034,-79.94807082725774
127,1629208432399995,40.41349865742614,-79.94806562139598
129,1629208432600111,40.41350839057743,-79.94806129051713
131,1629208432800281,40.413518790711585,-79.94805774191248
133,1629208433000421,40.41352963672378,-79.94805506964413
135,1629208433200505,40.413540904809196,-79.9480533189597
137,1629208433400500,40.41355260548259,-79.94805244928268
139,1629208433600422,40.41356481542739,-79.94805247769203
141,1629208433800293,40.41357744294607,-79.94805330952639
143,1629208434000197,40.41359059713434,-79.94805489673867
145,1629208434200060,40.413603972308394,-79.94805704401605
147,1629208434399914,40.41361741135896,-79.94805960151392
149,1629208434599743,40.41363104598344,-79.94806249313254
151,1629208434799547,40.41364488015397,-79.94806566467554
153,1629208434999325,40.41365883014911,-79.94806911511647
155,1629208435199123,40.41367296820549,-79.94807273841946
157,1629208435399054,40.41368725309446,-79.94807658422887
159,1629208435599114,40.41370159469031,-79.94808057446485
161,1629208435799251,40.41371624504289,-79.94808478627401
163,1629208435999409,40.41373085570371,-79.9480890709502
165,1629208436199560,40.413745675310274,-79.94809354053793
167,1629208436399710,40.41376055577876,-79.9480981148716
169,1629208436599836,40.41377554020153,-79.94810270652498
171,1629208436799973,40.41379056909291,-79.94810741031863
173,1629208437000107,40.41380563375188,-79.9481123464057
175,1629208437200230,40.413820570209346,-79.94811755318179
177,1629208437400235,40.41383537136217,-79.9481231035647
179,1629208437600143,40.41385010242082,-79.9481289878457
181,1629208437800008,40.413864758469586,-79.94813527116877
183,1629208437999912,40.41387918866599,-79.94814188184837
185,1629208438199848,40.413893572692146,-79.94814871299549
187,1629208438399755,40.41390796177832,-79.94815563302895
189,1629208438599651,40.41392239305507,-79.9481625826889
191,1629208438799557,40.413936860453354,-79.9481694042517
193,1629208438999433,40.413951430526346,-79.94817604396074
195,1629208439199333,40.41396605149409,-79.94818243490903
197,1629208439399327,40.41398080057462,-79.94818860615251
199,1629208439599414,40.413995692847955,-79.94819460107809
201,1629208439799558,40.41401055371149,-79.94820027396383
203,1629208439999741,40.414025498194164,-79.94820581471541
205,1629208440199891,40.41404068064501,-79.94821119583881
207,1629208440400006,40.41405576035938,-79.94821630180446
209,1629208440600093,40.41407098750005,-79.94822137318103
211,1629208440800184,40.41408626508298,-79.94822646350121
213,1629208441000295,40.414101659095216,-79.94823146751861
215,1629208441200402,40.414117157008796,-79.9482363771231
217,1629208441400411,40.41413268600463,-79.94824119278405
219,1629208441600330,40.41414829907527,-79.94824604018669
221,1629208441800205,40.41416399570676,-79.948250969542
223,1629208442000091,40.41417972336829,-79.94825586832124
225,1629208442199963,40.41419552346767,-79.94826075205513
227,1629208442399819,40.414211339624075,-79.94826559249354
229,1629208442599682,40.41422727567554,-79.94827038152361
231,1629208442799545,40.41424326229288,-79.9482751372275
233,1629208442999411,40.414259288553644,-79.94827982277991
235,1629208443199299,40.41427539270708,-79.948284339344
237,1629208443399301,40.414291510746146,-79.94828869275341
239,1629208443599400,40.41430776699814,-79.94829301568066
241,1629208443799581,40.414324011887025,-79.94829725957469
243,1629208443999776,40.414340318447614,-79.94830147016488
245,1629208444199939,40.41435661829181,-79.94830557028328
247,1629208444400061,40.41437290236881,-79.94830944135131
249,1629208444600152,40.41438929067183,-79.94831304282233
251,1629208444800227,40.414405569413766,-79.94831631157417
253,1629208445000321,40.414421873623944,-79.9483192831748
255,1629208445200381,40.414438247176854,-79.94832193849224
257,1629208445400348,40.414454598846866,-79.94832435468068
259,1629208445600236,40.41447090922116,-79.94832665275958
261,1629208445800104,40.414487147031096,-79.94832893464648
263,1629208445999963,40.414503357449966,-79.94833116872128
265,1629208446199825,40.41451940090765,-79.94833345173794
267,1629208446399715,40.414535339697586,-79.9483358423854
269,1629208446599602,40.41455113444596,-79.94833835319706
271,1629208446799478,40.41456687816075,-79.94834105090065
273,1629208446999367,40.414582552849744,-79.9483440969418
275,1629208447199315,40.41459812527321,-79.94834747718119
277,1629208447399358,40.414613572884406,-79.94835105867878
279,1629208447599505,40.414628976589604,-79.94835487370598
281,1629208447799681,40.414644324965714,-79.9483588046451
283,1629208447999870,40.41465957285041,-79.94836281328551
285,1629208448200027,40.41467481054195,-79.94836689330556
287,1629208448400143,40.414689987743934,-79.9483710531756
289,1629208448600238,40.41470501057415,-79.94837517379337
291,1629208448800351,40.41471997679041,-79.94837935491853
293,1629208449000470,40.41473484637312,-79.94838355639806
295,1629208449200560,40.414749552851156,-79.94838780504422
297,1629208449400563,40.414764179343884,-79.94839210413946
299,1629208449600489,40.41477854939703,-79.94839640963566
301,1629208449800360,40.41479267822803,-79.94840079140995
303,1629208450000228,40.41480657642629,-79.9484052015123
305,1629208450200097,40.41482026171449,-79.94840959764741
307,1629208450399951,40.41483376725221,-79.94841402016485
309,1629208450599824,40.41484704157016,-79.94841850697499
311,1629208450799726,40.414860165031904,-79.94842310316828
313,1629208450999617,40.41487304690737,-79.94842775348683
315,1629208451199492,40.414885661882366,-79.948432385498
317,1629208451399468,40.4148980277157,-79.94843700556504
319,1629208451599538,40.41491036591473,-79.94844165223694
321,1629208451799682,40.414922401887345,-79.948446291666
323,1629208451999863,40.41493393404495,-79.94845083045286
325,1629208452199993,40.41494523127762,-79.94845552505991
327,1629208452400087,40.414956200773716,-79.9484602848332
329,1629208452600185,40.41496703771855,-79.94846532619336
331,1629208452800259,40.41497761393894,-79.94847065966114
333,1629208453000358,40.41498803852699,-79.94847624555388
335,1629208453200459,40.41499827788103,-79.94848211222667
337,1629208453400457,40.41500840558257,-79.94848824326577
339,1629208453600399,40.415018355018454,-79.9484946530392
341,1629208453800307,40.41502816213997,-79.94850128236476
343,1629208454000185,40.41503793102265,-79.9485081774599
345,1629208454200032,40.41504761296533,-79.94851514235913
347,1629208454399890,40.41505728234795,-79.94852225502339
349,1629208454599749,40.41506693562554,-79.9485294583643
351,1629208454799598,40.41507670715774,-79.9485368089824
353,1629208454999427,40.41508644850959,-79.94854411979874
355,1629208455199302,40.41509639278806,-79.94855163756309
357,1629208455399272,40.415106612987124,-79.94855943986519
359,1629208455599333,40.415117055642064,-79.9485674814787
361,1629208455799490,40.41512787688689,-79.94857585035089
363,1629208455999710,40.41513885196285,-79.9485843002136
365,1629208456199880,40.41515009448315,-79.94859276161597
367,1629208456400009,40.415161552547254,-79.94860127327172
369,1629208456600137,40.41517314979671,-79.94860976745177
371,1629208456800257,40.41518493407528,-79.94861812584126
373,1629208457000389,40.41519687917774,-79.94862632665452
375,1629208457200499,40.4152090405776,-79.94863426859952
377,1629208457400491,40.41522140794344,-79.94864186597987
379,1629208457600411,40.4152340234496,-79.94864908140286
381,1629208457800266,40.415246956391776,-79.9486559562131
383,1629208458000099,40.41526006778035,-79.94866237081428
385,1629208458199957,40.41527335422654,-79.9486684415333
387,1629208458399841,40.41528685858413,-79.94867436125999
389,1629208458599767,40.415300536318796,-79.9486802017131
391,1629208458799730,40.41531424177998,-79.94868605875062
393,1629208458999724,40.41532809516519,-79.9486920634485
395,1629208459199734,40.41534210519233,-79.94869811652768
397,1629208459399710,40.41535617884693,-79.94870413124302
399,1629208459599662,40.415370433936964,-79.94871013744459
401,1629208459799658,40.415384804901144,-79.94871610847345
403,1629208459999735,40.41539931784683,-79.94872219908993
405,1629208460199853,40.415413923305586,-79.9487284204354
407,1629208460399980,40.41542866290134,-79.94873488595091
409,1629208460600114,40.415443497719075,-79.94874159870297
411,1629208460800277,40.41545829496545,-79.94874846921832
413,1629208461000447,40.41547322080406,-79.94875549918976
415,1629208461200570,40.41548830585407,-79.94876261529335
417,1629208461400591,40.41550354878965,-79.94876969637963
419,1629208461600536,40.41551877133697,-79.94877672411573
421,1629208461800463,40.41553397502751,-79.94878371534003
423,1629208462000359,40.41554917730984,-79.94879087153672
425,1629208462200265,40.415564220068475,-79.94879800316502
427,1629208462400177,40.41557929565513,-79.94880506464776
429,1629208462600105,40.41559440794688,-79.9488118470481
431,1629208462799996,40.4156095101311,-79.94881810097479
433,1629208462999859,40.41562451233767,-79.948823885604
435,1629208463199715,40.41563965886272,-79.94882936775126
437,1629208463399596,40.41565483235116,-79.94883452428884
439,1629208463599568,40.41566985662888,-79.94883955993339
441,1629208463799638,40.415684875701444,-79.94884463096423
443,1629208463999776,40.41569995954961,-79.9488499760514
445,1629208464199935,40.41571494803819,-79.94885560277103
447,1629208464400110,40.41572989976394,-79.94886152635377
449,1629208464600279,40.415745013225795,-79.94886782628046
451,1629208464800431,40.415760029697324,-79.9488744247151
453,1629208465000585,40.415775121763275,-79.9488812552623
455,1629208465200685,40.41579023386788,-79.94888820566281
457,1629208465400672,40.41580537317359,-79.94889537991531
459,1629208465600559,40.415820543413595,-79.94890277348705
461,1629208465800407,40.415835712389445,-79.94891033306665
463,1629208466000259,40.41585083972326,-79.94891803964359
465,1629208466200129,40.41586590636366,-79.94892580552427
467,1629208466399975,40.415880973043905,-79.94893355852761
469,1629208466599818,40.41589614932985,-79.94894134130607
471,1629208466799671,40.41591121023508,-79.94894915788039
473,1629208466999523,40.415926210857855,-79.94895712985323
475,1629208467199422,40.41594120325707,-79.9489653754389
477,1629208467399421,40.4159559242581,-79.94897371521978
479,1629208467599525,40.41597057818411,-79.94898214740485
481,1629208467799712,40.41598521540965,-79.94899033635782
483,1629208467999862,40.415999810846905,-79.94899822248432
485,1629208468199953,40.416014638270106,-79.9490061382248
487,1629208468400017,40.41602946326239,-79.94901392909361
489,1629208468600079,40.416044281977214,-79.94902159289434
491,1629208468800151,40.416059106821756,-79.9490293106456
493,1629208469000217,40.41607403656371,-79.94903710228353
495,1629208469200251,40.41608883646255,-79.9490449172046
497,1629208469400193,40.41610370670711,-79.94905286854036
499,1629208469600069,40.41611847647559,-79.94906078077862
501,1629208469799918,40.416133283348046,-79.9490688328461
503,1629208469999808,40.416148049786266,-79.9490771527621
505,1629208470199757,40.41616270453362,-79.94908572964752
507,1629208470399755,40.416177113957815,-79.94909459187959
509,1629208470599767,40.4161915091759,-79.94910377711975
511,1629208470799793,40.41620565838052,-79.94911315865279
513,1629208470999833,40.41621957590234,-79.94912276614821
515,1629208471199859,40.41623349529071,-79.94913255953966
517,1629208471399858,40.41624712974078,-79.94914225534158
519,1629208471599820,40.41626049149685,-79.94915162783843
521,1629208471799760,40.41627377520252,-79.94916085126194
523,1629208471999697,40.41628709172192,-79.949169841751
525,1629208472199665,40.41630063398429,-79.94917872824102
527,1629208472399634,40.41631422217513,-79.94918735418808
529,1629208472599611,40.41632794090209,-79.9491958205489
531,1629208472799591,40.416341829923525,-79.94920410528599
533,1629208472999565,40.41635590549703,-79.94921235206203
535,1629208473199543,40.41637010048079,-79.94922041904985
537,1629208473399565,40.4163844705789,-79.94922843255155
539,1629208473599640,40.416398949142184,-79.94923647050601
541,1629208473799752,40.4164135838344,-79.9492444792022
543,1629208473999874,40.41642836987018,-79.9492524903457
545,1629208474200007,40.41644352317049,-79.9492604576208
547,1629208474400130,40.416458919659014,-79.94926862142394
549,1629208474600228,40.41647460085429,-79.9492768642644
551,1629208474800340,40.416490215069366,-79.94928503753025
553,1629208475000431,40.4165060261303,-79.94929334077763
555,1629208475200479,40.41652192399534,-79.94930159806347
557,1629208475400459,40.416537842076664,-79.94930998918572
559,1629208475600355,40.4165538224131,-79.9493183526817
561,1629208475800211,40.41656979730035,-79.94932664300818
563,1629208476000072,40.41658578993369,-79.94933485032297
565,1629208476199967,40.41660167769922,-79.94934307613903
567,1629208476399865,40.416617634195894,-79.94935133354036
569,1629208476599805,40.416633368840145,-79.9493593710928
571,1629208476799760,40.416649140788046,-79.94936741876877
573,1629208476999716,40.4166648331491,-79.94937538640282
575,1629208477199677,40.416680372681405,-79.94938314706415
577,1629208477399633,40.416695957293356,-79.94939069957266
579,1629208477599644,40.416711512781994,-79.94939787074502
581,1629208477799693,40.41672707386249,-79.9494046710183
583,1629208477999778,40.4167427319096,-79.94941115202903
585,1629208478199856,40.416758259764386,-79.94941715937865
587,1629208478399910,40.41677389658403,-79.94942293485802
589,1629208478599958,40.416789476527434,-79.94942860908691
591,1629208478799993,40.41680502221398,-79.94943417614842
593,1629208479000040,40.416820023914234,-79.94943954862087
595,1629208479200073,40.41683543452682,-79.94944518067351
597,1629208479400035,40.41685080591357,-79.94945085682393
599,1629208479599929,40.41686612594639,-79.94945678975824
601,1629208479799859,40.41688140430946,-79.9494629831778
603,1629208479999789,40.41689666908518,-79.94946947668895
605,1629208480199728,40.41691202841446,-79.94947616308282
607,1629208480399683,40.41692739525201,-79.94948296146639
609,1629208480599658,40.41694294803746,-79.94948992625139
611,1629208480799644,40.4169584806856,-79.94949698493214
613,1629208480999631,40.416974061269066,-79.94950416628065
615,1629208481199627,40.41698964505631,-79.94951163634572
617,1629208481399633,40.41700528341604,-79.94951920278011
619,1629208481599660,40.41702102572088,-79.9495268162107
621,1629208481799711,40.417036668273056,-79.9495344630412
623,1629208481999754,40.417052320761776,-79.94954224212431
625,1629208482199758,40.41706790721304,-79.94955019194825
627,1629208482399751,40.41708343438459,-79.94955817866904
629,1629208482599741,40.41709872462874,-79.94956623541475
631,1629208482799726,40.41711410726191,-79.94957430827772
633,1629208482999723,40.417129315757506,-79.94958230983364
635,1629208483199735,40.417144638401126,-79.94959030810422
637,1629208483399749,40.41715977553292,-79.94959815574836
639,1629208483599818,40.4171749348287,-79.9496059357665
641,1629208483799903,40.4171899363702,-79.94961372068329
643,1629208483999952,40.41720490521141,-79.94962150707657
645,1629208484199956,40.41721974877834,-79.94962929624904
647,1629208484399948,40.41723460851442,-79.94963701701153
649,1629208484599945,40.417249305425344,-79.94964454803595
651,1629208484799942,40.417263783237985,-79.9496520534298
653,1629208484999929,40.41727827199628,-79.94965961398795
655,1629208485199900,40.41729265834685,-79.94966725027987
657,1629208485399862,40.41730679784411,-79.94967483293502
659,1629208485599809,40.41732091238953,-79.9496822867789
661,1629208485799770,40.41733475358094,-79.94968951922816
663,1629208485999743,40.417348378529354,-79.94969666274024
665,1629208486199737,40.417361674082535,-79.94970357377667
667,1629208486399740,40.4173746431866,-79.94971040211226
669,1629208486599743,40.417387271333816,-79.94971712655668
671,1629208486799764,40.41739947386092,-79.94972372893238
673,1629208486999763,40.41741122955012,-79.94973015187577
675,1629208487199761,40.41742262145392,-79.94973649519052
677,1629208487399785,40.41743344669272,-79.94974272580082
679,1629208487599855,40.41744384241291,-79.94974880780381
681,1629208487799946,40.41745363979213,-79.94975475211282
683,1629208488000031,40.41746294902357,-79.9497604684012
685,1629208488200077,40.41747182604704,-79.94976584393541
687,1629208488400086,40.41748019071746,-79.9497709172926
689,1629208488600073,40.4174881417248,-79.94977574815499
691,1629208488800075,40.41749555363834,-79.94978036783917
693,1629208489000067,40.41750244485001,-79.94978471858799
695,1629208489200046,40.41750893986602,-79.94978883083817
697,1629208489399940,40.41751503044191,-79.9497926895619
699,1629208489599824,40.417520643465636,-79.94979616784612
701,1629208489799742,40.417525865849655,-79.94979932516934
703,1629208489999719,40.4175306546976,-79.94980215751171
705,1629208490199731,40.41753505440566,-79.94980472547365
707,1629208490399751,40.41753899659704,-79.94980702574405
709,1629208490599786,40.41754250129782,-79.94980912323435
711,1629208490799818,40.41754556799737,-79.94981098505053
713,1629208490999835,40.41754831938894,-79.94981261875665
715,1629208491199845,40.41755071826889,-79.94981406904435
717,1629208491399843,40.41755281604309,-79.94981543618886
719,1629208491599808,40.41755455860397,-79.94981664899407
721,1629208491799743,40.41755606973207,-79.94981763405293
723,1629208491999712,40.41755728470153,-79.94981843711444
725,1629208492199722,40.41755823822603,-79.94981906164614
727,1629208492399779,40.41755888626525,-79.94981956042744
729,1629208492599826,40.417559273660515,-79.94981988932258
731,1629208492799874,40.41755953348486,-79.94982010841328
733,1629208492999907,40.417559705093446,-79.94982025386304
735,1629208493199933,40.417559818628156,-79.94982038928332
737,1629208493399953,40.41755990128588,-79.94982048791337
739,1629208493599948,40.417560009995036,-79.94982062092367
741,1629208493799916,40.417560243192916,-79.94982085335428
743,1629208493999835,40.41756077131816,-79.94982121312823
745,1629208494199813,40.4175616718318,-79.94982178274915
747,1629208494399793,40.41756299539594,-79.94982255379244
749,1629208494599793,40.41756476075577,-79.94982353770713
751,1629208494799796,40.417566972521115,-79.94982478362117
753,1629208494999781,40.41756964691613,-79.94982635234932
755,1629208495199768,40.41757274437853,-79.94982820157475
757,1629208495399746,40.417576300688374,-79.94983035363713
759,1629208495599705,40.417580269228246,-79.94983282936037
761,1629208495799659,40.41758461576959,-79.94983567211102
763,1629208495999656,40.41758926215737,-79.94983895892084
765,1629208496199681,40.41759423036079,-79.94984272698404
767,1629208496399731,40.417599448260326,-79.94984705968676
769,1629208496599810,40.417604864435035,-79.94985199901973
771,1629208496799937,40.417610383607965,-79.9498576695875
773,1629208497000063,40.417616063082775,-79.94986407412978
775,1629208497200139,40.417621834536845,-79.9498711876521
777,1629208497400145,40.41762760566679,-79.9498791141031
779,1629208497600085,40.41763324476346,-79.94988777271966
781,1629208497799941,40.417638710740725,-79.94989718464055
783,1629208497999832,40.41764395835359,-79.94990719599782
785,1629208498199764,40.41764884278337,-79.94991786035509
787,1629208498399707,40.41765336820267,-79.94992916845216
789,1629208498599609,40.41765747016657,-79.94994111325651
791,1629208498799522,40.4176611153273,-79.94995368582313
793,1629208498999422,40.417664265648845,-79.94996671066005
795,1629208499199359,40.41766692507795,-79.94997990463399
797,1629208499399404,40.417669123029306,-79.94999339430947
799,1629208499599553,40.417670920665934,-79.95000700246183
801,1629208499799721,40.41767242486277,-79.95002076423094
803,1629208499999863,40.417673717695834,-79.95003472634157
805,1629208500199962,40.417674923312205,-79.95004881044713
807,1629208500400007,40.417676087710845,-79.95006289633453
809,1629208500600032,40.417677191487485,-79.95007710722525
811,1629208500800057,40.417678233467,-79.95009137377075
813,1629208501000081,40.41767919460054,-79.9501056952282
815,1629208501200070,40.417680129205195,-79.95012012370175
817,1629208501399998,40.417681001717064,-79.95013451236788
819,1629208501599906,40.417681814543315,-79.9501490429243
821,1629208501799818,40.41768253907288,-79.9501636138684
823,1629208501999753,40.41768326864923,-79.95017826570385
825,1629208502199694,40.4176840718715,-79.95019296145293
827,1629208502399642,40.417684966890725,-79.95020779815765
829,1629208502599590,40.41768589881108,-79.9502226760795
831,1629208502799528,40.41768678672513,-79.95023730067695
833,1629208502999474,40.417687702530195,-79.9502518444632
835,1629208503199420,40.41768860168519,-79.95026597010363
837,1629208503399427,40.4176894949722,-79.95027975340983
839,1629208503599515,40.41769033289714,-79.95029308034695
841,1629208503799658,40.417691075403226,-79.9503058980558
843,1629208503999817,40.4176917884915,-79.95031820048523
845,1629208504199969,40.41769246502056,-79.95032990886024
847,1629208504400105,40.417693113508165,-79.95034105261279
849,1629208504600228,40.41769369891957,-79.95035155838123
851,1629208504800341,40.41769422862023,-79.95036143434774
853,1629208505000435,40.417694691979804,-79.9503707357967
855,1629208505200508,40.41769511873274,-79.95037934615063
857,1629208505400498,40.41769551154262,-79.95038714330059
859,1629208505600426,40.41769580964102,-79.9503942241774
861,1629208505800288,40.41769612084957,-79.9504004317871
863,1629208506000156,40.41769637704293,-79.95040587542277
865,1629208506200035,40.41769661814708,-79.95041049300316
867,1629208506399927,40.417696824215085,-79.95041428500751
869,1629208506599848,40.41769700508803,-79.95041730196147
871,1629208506799780,40.41769713029564,-79.95041954716598
873,1629208506999696,40.41769718085207,-79.95042113877304
875,1629208507199613,40.417697178395684,-79.95042214950638
877,1629208507399600,40.417697146735215,-79.95042266309004
879,1629208507599648,40.417697094301474,-79.95042285847255
881,1629208507799761,40.417697038349345,-79.95042278869978
883,1629208507999865,40.417696973026224,-79.95042257228326
885,1629208508199954,40.41769692100565,-79.9504223892148
887,1629208508400055,40.41769690565336,-79.95042230644952
889,1629208508600146,40.4176968963105,-79.95042224662443
891,1629208508800228,40.417696894236535,-79.95042222535965
893,1629208509000296,40.41769689123456,-79.95042224718897
895,1629208509200335,40.417696910570996,-79.95042242536363
897,1629208509400317,40.41769695785291,-79.95042299157569
899,1629208509600234,40.417697040764416,-79.95042411470214
901,1629208509800116,40.4176971569618,-79.95042597366351
903,1629208509999982,40.417697292452964,-79.95042863578965
905,1629208510199872,40.41769744926937,-79.95043210338407
907,1629208510399749,40.417697627160294,-79.95043646245159
909,1629208510599616,40.41769785977833,-79.95044155063118
911,1629208510799490,40.41769814910076,-79.95044735106663
913,1629208510999368,40.41769847000981,-79.95045377684693
915,1629208511199266,40.41769881959972,-79.95046068996737
917,1629208511399277,40.41769920138416,-79.95046795362767
919,1629208511599373,40.41769967306643,-79.95047550860257
921,1629208511799567,40.41770022930525,-79.95048335136015
923,1629208511999766,40.41770094375356,-79.95049143442509
925,1629208512199938,40.41770183064722,-79.95049950244504
927,1629208512400078,40.41770302141335,-79.95050765673089
929,1629208512600212,40.41770459700986,-79.95051570827246
931,1629208512800343,40.41770660224219,-79.95052373243898
933,1629208513000425,40.41770908370679,-79.95053165951387
935,1629208513200499,40.417711934473246,-79.950539517592
937,1629208513400498,40.417715229642475,-79.95054715725226
939,1629208513600394,40.41771908506319,-79.9505545288742
941,1629208513800267,40.41772350861222,-79.95056147943566
943,1629208514000128,40.41772859131322,-79.95056784605008
945,1629208514199994,40.41773435216742,-79.95057347109714
947,1629208514399862,40.41774067491644,-79.95057828074543
949,1629208514599638,40.41774760148638,-79.95058217285099
951,1629208514799370,40.41775510232604,-79.95058528762105
953,1629208514999094,40.41776306151514,-79.95058770315042
955,1629208515198854,40.41777147763314,-79.95058951055579
957,1629208515398748,40.41778033581516,-79.95059076727846
959,1629208515598774,40.41778956932152,-79.95059158995797
961,1629208515798904,40.41779919129587,-79.95059209144635
963,1629208515999112,40.41780924687836,-79.95059239615476
965,1629208516199353,40.417819637466366,-79.95059256557568
967,1629208516399601,40.417830365444104,-79.95059256526177
969,1629208516599850,40.417841570878885,-79.9505924221193
971,1629208516800086,40.41785312872126,-79.95059222346445
973,1629208517000339,40.41786507847523,-79.9505920983798
975,1629208517200560,40.41787748972696,-79.95059206088582
977,1629208517400632,40.417890243565125,-79.95059202406264
979,1629208517600581,40.41790329237369,-79.95059195806282
981,1629208517800456,40.41791674913892,-79.95059192222932
983,1629208518000317,40.417930611013354,-79.95059194895259
985,1629208518200167,40.417944782496356,-79.95059206038444
987,1629208518400034,40.41795938521917,-79.95059224999132
989,1629208518599900,40.417974143678904,-79.95059254210261
991,1629208518799752,40.41798942314872,-79.95059298967398
993,1629208518999616,40.41800492722657,-79.95059359425184
995,1629208519199502,40.41802074285289,-79.95059436763395
997,1629208519399481,40.418036809008974,-79.95059534215879
999,1629208519599577,40.41805320140953,-79.95059649214457
1001,1629208519799724,40.41806975915635,-79.95059775027714
1003,1629208519999895,40.41808658893195,-79.9505992723036
1005,1629208520200043,40.4181036390399,-79.95060100680334
1007,1629208520400169,40.41812095026276,-79.95060296344343
1009,1629208520600298,40.41813834712929,-79.95060505082049
1011,1629208520800417,40.4181559945994,-79.95060727861957
1013,1629208521000539,40.41817388459499,-79.95060958968581
1015,1629208521200626,40.41819175536265,-79.9506119000375
1017,1629208521400616,40.41820985846937,-79.95061430804294
1019,1629208521600529,40.41822807427314,-79.95061675126503
1021,1629208521800415,40.418246398562864,-79.9506192809669
1023,1629208522000286,40.41826489787247,-79.95062185631589
1025,1629208522200159,40.41828348076349,-79.95062443414791
1027,1629208522400015,40.418302068316244,-79.95062721145385
1029,1629208522599888,40.41832084575791,-79.95063019750157
1031,1629208522799768,40.41833952736205,-79.95063331011467
1033,1629208522999666,40.418358434502856,-79.95063652997506
1035,1629208523199595,40.41837743694817,-79.95063992337056
1037,1629208523399608,40.418396473267755,-79.95064344733197
1039,1629208523599702,40.418415608470646,-79.9506470344691
1041,1629208523799852,40.418434747744236,-79.95065058436114
1043,1629208523999999,40.41845399045635,-79.95065421937633
1045,1629208524200087,40.41847305315561,-79.9506578429225
1047,1629208524400169,40.418492191238485,-79.95066167280523
1049,1629208524600256,40.41851126315833,-79.9506655849358
1051,1629208524800334,40.418530172782006,-79.95066954358462
1053,1629208525000425,40.41854914926785,-79.95067363961505
1055,1629208525200455,40.41856793217401,-79.95067783445229
1057,1629208525400423,40.41858672663728,-79.9506822455643
1059,1629208525600359,40.418605400636864,-79.95068682431156
1061,1629208525800260,40.418624070864816,-79.95069179003119
1063,1629208526000170,40.418642758405085,-79.95069723314523
1065,1629208526200100,40.41866132505808,-79.95070317940369
1067,1629208526400058,40.41867978036614,-79.95070956629334
1069,1629208526600004,40.41869813080792,-79.950716318413
1071,1629208526799951,40.41871646954648,-79.95072354871591
1073,1629208526999888,40.41873459612235,-79.95073131755996
1075,1629208527199833,40.41875264112371,-79.95073963639094
1077,1629208527399793,40.4187705952756,-79.95074851614635
1079,1629208527599757,40.41878837414413,-79.95075789771347
1081,1629208527799710,40.418805924577036,-79.95076772361813
1083,1629208527999693,40.418823242931175,-79.95077804084069
1085,1629208528199738,40.418840422026165,-79.95078891753644
1087,1629208528399825,40.41885741481969,-79.9508003528767
1089,1629208528599943,40.41887427233625,-79.95081230146332
1091,1629208528800057,40.41889097691493,-79.95082479934793
1093,1629208529000195,40.4189073595773,-79.95083774159477
1095,1629208529200323,40.41892350768471,-79.95085106490365
1097,1629208529400352,40.41893951251124,-79.9508647611116
1099,1629208529600273,40.41895562244282,-79.9508787775517
1101,1629208529800127,40.41897180075511,-79.95089295738845
1103,1629208529999973,40.418987990287015,-79.95090711163968
1105,1629208530199876,40.41900412515615,-79.9509213295803
1107,1629208530399814,40.41902037855027,-79.95093577425061
1109,1629208530599774,40.41903658322938,-79.95095032063975
1111,1629208530799730,40.41905294926415,-79.95096461747643
1113,1629208530999670,40.41906947363921,-79.95097861272001
1115,1629208531199619,40.419086085996234,-79.9509922548334
1117,1629208531399634,40.419102820823255,-79.9510058081628
1119,1629208531599703,40.41911954039548,-79.9510192741024
1121,1629208531799761,40.41913641242618,-79.95103242579617
1123,1629208531999826,40.4191536139529,-79.95104528361558
1125,1629208532199913,40.41917101759976,-79.95105779008591
1127,1629208532399979,40.41918879346073,-79.95107001876221
1129,1629208532600038,40.41920662961328,-79.95108177514278
1131,1629208532800065,40.41922486595248,-79.95109320093817
1133,1629208533000079,40.41924328388161,-79.95110431336717
1135,1629208533200073,40.41926182523521,-79.95111501400217
1137,1629208533400002,40.41928063737027,-79.95112550027652
1139,1629208533599874,40.41929961555568,-79.95113567374032
1141,1629208533799739,40.419318640207635,-79.9511453594292
1143,1629208533999673,40.41933793316733,-79.95115478357502
1145,1629208534199653,40.419357241601126,-79.9511639490458
1147,1629208534399663,40.41937676358804,-79.95117305125719
1149,1629208534599668,40.41939619627797,-79.95118195179909
1151,1629208534799677,40.41941578844579,-79.95119079696435
1153,1629208534999705,40.41943542666639,-79.95119969363566
1155,1629208535199720,40.41945513159003,-79.95120863542095
1157,1629208535399751,40.41947482445028,-79.95121760129827
1159,1629208535599805,40.41949464224232,-79.9512266299422
1161,1629208535799881,40.419514555047826,-79.95123575272714
1163,1629208535999936,40.41953435852018,-79.95124478997369
1165,1629208536199982,40.419554388510655,-79.95125395374538
1167,1629208536400013,40.41957424539206,-79.95126310235966
1169,1629208536600036,40.419594222762306,-79.95127236767625
1171,1629208536800050,40.41961408012153,-79.95128162376812
1173,1629208537000050,40.41963398684037,-79.95129098888731
1175,1629208537200027,40.419653837994126,-79.9513002835132
1177,1629208537399947,40.41967374089934,-79.95130950034394
1179,1629208537599840,40.419693591465666,-79.95131857953639
1181,1629208537799741,40.419713654254025,-79.95132764130555
1183,1629208537999671,40.41973362324379,-79.95133671533486
1185,1629208538199669,40.41975359847243,-79.95134576320638
1187,1629208538399705,40.41977360032564,-79.95135481450181
1189,1629208538599756,40.41979359368745,-79.95136384560118
1191,1629208538799806,40.41981366147622,-79.95137284594055
1193,1629208538999856,40.41983360219769,-79.95138166822522
1195,1629208539199891,40.41985356701953,-79.9513904721918
1197,1629208539399890,40.41987343930388,-79.95139926788084
1199,1629208539599861,40.41989347106074,-79.9514082327103
1201,1629208539799791,40.41991338951241,-79.95141708706879
1203,1629208539999709,40.41993326643469,-79.95142584939637
1205,1629208540199666,40.41995310877814,-79.9514347047692
1207,1629208540399658,40.41997302042452,-79.951443602137
1209,1629208540599659,40.41999275956467,-79.95145245059383
1211,1629208540799661,40.420012591696505,-79.9514612941737
1213,1629208540999670,40.420032081205385,-79.95146988943367
1215,1629208541199675,40.42005163079591,-79.95147844193309
1217,1629208541399698,40.42007103712353,-79.95148699741974
1219,1629208541599747,40.420090382913735,-79.95149545396386
1221,1629208541799809,40.420109604984155,-79.9515037986296
1223,1629208541999887,40.420128877605016,-79.95151223860937
1225,1629208542199947,40.420148057651105,-79.9515207089693
1227,1629208542399994,40.42016717807521,-79.95152922090465
1229,1629208542600038,40.42018612985155,-79.95153770915798
1231,1629208542800091,40.42020512558425,-79.95154623883691
1233,1629208543000132,40.42022400653563,-79.95155473917303
1235,1629208543200135,40.42024273300529,-79.95156322456475
1237,1629208543400072,40.42026154783649,-79.95157175653242
1239,1629208543599980,40.42028019961825,-79.9515802208999
1241,1629208543799889,40.420298794921074,-79.95158863481213
1243,1629208543999824,40.42031736468886,-79.95159700193743
1245,1629208544199749,40.42033587942332,-79.95160533695297
1247,1629208544399683,40.42035420581038,-79.95161360336286
1249,1629208544599613,40.42037263553676,-79.95162193945197
1251,1629208544799551,40.42039093476747,-79.95163013422612
1253,1629208544999502,40.420409308643265,-79.95163827236075
1255,1629208545199443,40.42042764962271,-79.95164624279055
1257,1629208545399446,40.420446040916346,-79.95165406827059
1259,1629208545599516,40.4204644275821,-79.9516617311387
1261,1629208545799661,40.420482969609054,-79.95166934619381
1263,1629208545999828,40.420501586138506,-79.95167698608536
1265,1629208546199963,40.420520233407856,-79.95168462406605
1267,1629208546400083,40.420538908682104,-79.9516923298492
1269,1629208546600188,40.42055763522222,-79.95170012429081
1271,1629208546800267,40.420576481288364,-79.95170797902378
1273,1629208547000348,40.4205955285163,-79.9517158890631
1275,1629208547200427,40.42061454373447,-79.9517236535391
1277,1629208547400434,40.42063370274901,-79.9517312717899
1279,1629208547600366,40.420652985068216,-79.95173880255898
1281,1629208547800235,40.42067223822446,-79.95174618663867
1283,1629208548000063,40.4206916257141,-79.95175350785736
1285,1629208548199931,40.42071091956928,-79.95176086403892
1287,1629208548399835,40.42073025250716,-79.95176833142195
1289,1629208548599754,40.42074958568247,-79.95177594720204
1291,1629208548799679,40.4207688725628,-79.95178384226728
1293,1629208548999612,40.420787973370295,-79.95179188134013
1295,1629208549199552,40.420807169216474,-79.95180015287924
1297,1629208549399573,40.42082631507861,-79.95180856519501
1299,1629208549599660,40.42084555751122,-79.95181717467642
1301,1629208549799783,40.420864614308535,-79.9518257628531
1303,1629208549999905,40.42088379962713,-79.95183448661915
1305,1629208550199990,40.420902865153955,-79.95184308870137
1307,1629208550400075,40.42092193238389,-79.9518517459286
1309,1629208550600157,40.42094102312193,-79.95186041371042
1311,1629208550800238,40.42096005835073,-79.95186896952286
1313,1629208551000299,40.42097923767827,-79.95187748101661
1315,1629208551200328,40.42099831748684,-79.95188592691669
1317,1629208551400306,40.421017316898926,-79.95189432701602
1319,1629208551600220,40.42103638924348,-79.9519026873206
1321,1629208551800092,40.42105557838391,-79.95191105035956
1323,1629208551999970,40.42107467116755,-79.95191938632217
1325,1629208552199884,40.421093734045016,-79.95192761864159
1327,1629208552399815,40.42111293585818,-79.9519357967395
1329,1629208552599758,40.42113204832454,-79.95194384438345
1331,1629208552799734,40.42115122085647,-79.95195191251504
1333,1629208552999715,40.421170283460775,-79.95195988842123
1335,1629208553199684,40.421189494405816,-79.95196790490051
1337,1629208553399674,40.421208631751306,-79.95197578707628
1339,1629208553599710,40.421227923907686,-79.95198366627123
1341,1629208553799783,40.42124726950818,-79.95199157195772
1343,1629208553999887,40.421266652172804,-79.95199947627108
1345,1629208554199972,40.421286091456444,-79.95200736225271
1347,1629208554400055,40.42130575636794,-79.95201536609198
1349,1629208554600172,40.42132537999539,-79.95202341888104
1351,1629208554800300,40.42134503249254,-79.9520314950802
1353,1629208555000420,40.4213647790613,-79.95203963503626
1355,1629208555200522,40.42138443381148,-79.95204783812528
1357,1629208555400504,40.4214041058789,-79.95205615723405
1359,1629208555600411,40.42142383246093,-79.95206463410588
1361,1629208555800296,40.42144357030029,-79.95207333069825
1363,1629208556000148,40.42146342269995,-79.95208212062745
1365,1629208556200007,40.421483278861054,-79.95209094545241
1367,1629208556399881,40.421503020900175,-79.95209983938098
1369,1629208556599771,40.42152278884403,-79.9521088653978
1371,1629208556799653,40.421542339786455,-79.95211796187115
1373,1629208556999530,40.42156188693693,-79.95212725085108
1375,1629208557199422,40.42158137881671,-79.95213662821547
1377,1629208557399423,40.421600805411394,-79.95214604584683
1379,1629208557599540,40.421619969571836,-79.95215547367172
1381,1629208557799726,40.421639267099756,-79.95216510377553
1383,1629208557999885,40.42165847701193,-79.9521747306462
1385,1629208558200006,40.421677701154344,-79.9521843875363
1387,1629208558400096,40.42169689061716,-79.95219398229224
1389,1629208558600201,40.42171604738822,-79.95220354532486
1391,1629208558800296,40.4217351249027,-79.95221321491455
1393,1629208559000363,40.421754300493205,-79.952222998434
1395,1629208559200410,40.42177341734741,-79.95223282635783
1397,1629208559400383,40.42179263694141,-79.95224272368974
1399,1629208559600291,40.42181171941188,-79.95225258399456
1401,1629208559800176,40.42183082880551,-79.9522624846212
1403,1629208560000053,40.42185002581541,-79.95227251340813
1405,1629208560199972,40.42186930500009,-79.95228248737322
1407,1629208560399880,40.42188854822928,-79.95229240730012
1409,1629208560599780,40.42190783813518,-79.9523024417404
1411,1629208560799694,40.42192711846291,-79.95231253017118
1413,1629208560999602,40.42194660218996,-79.95232264732559
1415,1629208561199530,40.42196603921517,-79.9523326494004
1417,1629208561399539,40.42198560889224,-79.95234269994234
1419,1629208561599647,40.422005145768324,-79.95235269710822
1421,1629208561799776,40.42202455783273,-79.95236269461807
1423,1629208561999922,40.422044158173804,-79.95237289188941
1425,1629208562200031,40.42206373802597,-79.95238312857184
1427,1629208562400108,40.42208353968954,-79.95239336792406
1429,1629208562600194,40.42210322613365,-79.95240351295163
1431,1629208562800278,40.422122988945596,-79.95241365468809
1433,1629208563000364,40.42214276267356,-79.95242379830636
1435,1629208563200401,40.422162547590844,-79.95243406056639
1437,1629208563400365,40.422182491472164,-79.95244437792577
1439,1629208563600273,40.42220247233649,-79.95245461008622
1441,1629208563800172,40.42222251295902,-79.95246484291577
1443,1629208564000075,40.42224271003243,-79.95247515284957
1445,1629208564199965,40.42226283708426,-79.95248541715182
1447,1629208564399849,40.422283000605155,-79.95249574797572
1449,1629208564599747,40.42230323799167,-79.95250618303761
1451,1629208564799658,40.422323559533226,-79.95251669275734
1453,1629208564999567,40.42234373001574,-79.95252719146653
1455,1629208565199535,40.42236390935577,-79.95253789610258
1457,1629208565399573,40.42238402345329,-79.95254855533064
1459,1629208565599703,40.42240423894349,-79.95255934462739
1461,1629208565799839,40.42242446679597,-79.95257013715216
1463,1629208565999927,40.42244474295307,-79.9525809051289
1465,1629208566199992,40.422464868058746,-79.95259165226874
1467,1629208566400058,40.42248504274103,-79.95260235423189
1469,1629208566600128,40.42250512307965,-79.95261307500445
1471,1629208566800212,40.42252525037516,-79.95262378789128
1473,1629208567000306,40.42254536493846,-79.95263445180014
1475,1629208567200377,40.4225656709955,-79.95264504740834
1477,1629208567400357,40.422585886736776,-79.9526556154139
1479,1629208567600274,40.422606017395175,-79.95266608141853
1481,1629208567800167,40.42262621457865,-79.95267660315429
1483,1629208568000067,40.42264636803968,-79.95268726333016
1485,1629208568199976,40.42266644169268,-79.95269791711799
1487,1629208568399878,40.42268655293404,-79.95270859505105
1489,1629208568599800,40.42270667729344,-79.95271934800769
1491,1629208568799711,40.42272682455789,-79.95273007627125
1493,1629208568999645,40.422746820123315,-79.95274066884897
1495,1629208569199581,40.422766967888904,-79.95275126829169
1497,1629208569399598,40.42278710233989,-79.95276175327973
1499,1629208569599667,40.42280718184257,-79.95277209195221
1501,1629208569799746,40.42282727092403,-79.95278240242257
1503,1629208569999846,40.42284729972178,-79.95279283013227
1505,1629208570199921,40.42286728673149,-79.95280333498097
1507,1629208570399986,40.42288734943069,-79.9528137805826
1509,1629208570600039,40.42290732734781,-79.95282410625313
1511,1629208570800106,40.42292729956342,-79.95283447610595
1513,1629208571000174,40.42294742007027,-79.9528449537278
1515,1629208571200220,40.42296753472422,-79.95285547058019
1517,1629208571400173,40.422987754030494,-79.95286615615221
1519,1629208571600055,40.42300791688068,-79.95287666067888
1521,1629208571799940,40.42302829016976,-79.95288732372389
1523,1629208571999818,40.4230485535639,-79.95289798015897
1525,1629208572199721,40.42306882840322,-79.95290865532637
1527,1629208572399631,40.42308912340396,-79.95291940155435
1529,1629208572599549,40.42310955403908,-79.95293015063505
1531,1629208572799430,40.42312993697461,-79.9529408049583
1533,1629208572999316,40.42315020228855,-79.9529513131744
1535,1629208573199221,40.423170356932175,-79.95296176735076
1537,1629208573399222,40.42319038836053,-79.95297212470534
1539,1629208573599327,40.42321028249002,-79.9529823774662
1541,1629208573799463,40.42323011729894,-79.95299255253632
1543,1629208573999609,40.4232497774626,-79.95300262463675
1545,1629208574199765,40.42326944062427,-79.9530127421362
1547,1629208574399911,40.42328879172525,-79.95302265592322
1549,1629208574600051,40.42330811399565,-79.9530325578958
1551,1629208574800177,40.42332741593395,-79.95304248915212
1553,1629208575000305,40.423346580339164,-79.9530523634359
1555,1629208575200413,40.423365739960204,-79.95306223686761
1557,1629208575400402,40.42338487523112,-79.9530721630726
1559,1629208575600284,40.42340393615108,-79.95308205151827
1561,1629208575800157,40.42342301057966,-79.95309197654244
1563,1629208576000043,40.42344205339369,-79.95310187069784
1565,1629208576199950,40.42346099073827,-79.9531116924567
1567,1629208576399871,40.42348011887023,-79.95312156490164
1569,1629208576599798,40.423499162888,-79.95313135037304
1571,1629208576799709,40.42351820719093,-79.95314111707263
1573,1629208576999641,40.423537416172294,-79.95315090587701
1575,1629208577199591,40.42355669667389,-79.95316074686322
1577,1629208577399581,40.42357606184662,-79.95317060586555
1579,1629208577599622,40.4235954680664,-79.95318043498897
1581,1629208577799702,40.4236150109811,-79.95319029322063
1583,1629208577999819,40.42363459521704,-79.95320007075767
1585,1629208578199925,40.42365425842756,-79.95320974591395
1587,1629208578400024,40.42367385803836,-79.95321938556525
1589,1629208578600103,40.423693469401236,-79.95322908202436
1591,1629208578800164,40.423713007263615,-79.95323876126294
1593,1629208579000219,40.42373268894894,-79.95324846101853
1595,1629208579200235,40.42375232758583,-79.95325821242734
1597,1629208579400178,40.423771894868366,-79.95326816638463
1599,1629208579600074,40.42379123780928,-79.95327827888858
1601,1629208579799961,40.423810420879406,-79.95328861042762
1603,1629208579999877,40.423829680656155,-79.9532992195229
1605,1629208580199801,40.42384879563885,-79.95330989864142
1607,1629208580399711,40.42386773728987,-79.95332070594553
1609,1629208580599655,40.42388671901285,-79.95333165566004
1611,1629208580799578,40.42390553968094,-79.95334261212845
1613,1629208580999490,40.423924416173946,-79.95335370239958
1615,1629208581199401,40.42394313869713,-79.9533647910024
1617,1629208581399390,40.423961855930266,-79.95337604719712
1619,1629208581599460,40.42398049480259,-79.95338746036778
1621,1629208581799600,40.42399893901472,-79.95339894601156
1623,1629208581999777,40.424017414542824,-79.95341068779636
1625,1629208582199951,40.424035650503185,-79.95342246729741
1627,1629208582400114,40.424053767440945,-79.95343443278335
1629,1629208582600290,40.424071928396785,-79.95344654069736
1631,1629208582800445,40.424089960849734,-79.95345872779086
1633,1629208583000583,40.42410784518286,-79.95347108258858
1635,1629208583200690,40.42412573977873,-79.95348370928151
1637,1629208583400691,40.424143463457334,-79.9534965977304
1639,1629208583600603,40.424161144681925,-79.95350976565564
1641,1629208583800484,40.42417873871324,-79.95352315109542
1643,1629208584000354,40.42419622958626,-79.9535366212158
1645,1629208584200230,40.424213639628675,-79.95355002621072
1647,1629208584400114,40.42423099344292,-79.95356348840902
1649,1629208584599991,40.4242483030079,-79.95357706504338
1651,1629208584799873,40.42426548827466,-79.95359079249724
1653,1629208584999758,40.42428251323441,-79.95360475439655
1655,1629208585199652,40.424299376302045,-79.95361883504593
1657,1629208585399543,40.424316220714275,-79.95363321630731
1659,1629208585599535,40.424332866728605,-79.95364771500488
1661,1629208585799638,40.42434946915696,-79.95366257955192
1663,1629208585999797,40.42436596456679,-79.953677744315
1665,1629208586199967,40.42438219001998,-79.95369292841728
1667,1629208586400146,40.42439837296866,-79.95370845923834
1669,1629208586600321,40.42441441194138,-79.95372416984787
1671,1629208586800499,40.42443038011313,-79.95374011092092
1673,1629208587000672,40.42444621649057,-79.95375632736418
1675,1629208587200810,40.42446190924925,-79.95377290066808
1677,1629208587400840,40.4244773729086,-79.95378965731922
1679,1629208587600791,40.42449288604597,-79.95380677003263
